Name,Secondary_Name,Type,Model1,Model,Serial_Number1,Serial_Number2
RAK151D,,Slurry,2312625,2309011,200465017-4,200465044-47
RR151D,,Slurry,2313328,2309011,200465022-3,200455776-29
RAK152D,,Slurry,2313194,,200466053-1,
WK151D,,Slurry,2313326,2309011,200463297-1,200463298-40
KT151D,CH151D/RR152D,Slurry,2312622,2309011,200463695-2,200455778-30
FU151D,CONT151D,Slurry,2309011,,200466036-51,
EK151D,KB152D,Slurry,2313193,,200466052-1,
JP151D,CH152D,Slurry,2313191,,200466050-1,
JK151D,,Slurry,2313325,2309011,200463160-1,200463161-37
WL151D,,Slurry,2315214,2309011,200464053-1,200463381-41
HG151D,,Slurry,2313556,2309011,200465024-2,200465023-46
HG152D,FA151D,Slurry,2313556,2309011,200466493-4,200455775-28
RE151D,,Slurry,2313330,2309011,200463698-2,200463697-43
EF151D,,Slurry,2313329,2309011,200463290-1,200463291-38
VC151D,,Slurry,2312620,2309011,200462472-2,200455801-31
TM151D,,Slurry,2312617,2309011,200460354-2,200455771-24
XJ151D,AE151D,Slurry,2313557,2309011,200466049-4,200466048-52
WC151D,,Slurry,2312624,2309011,200465018-2,200465019-44
JS151D,,Slurry,2312618,2309011,200460356-2,200455773-26
RFT151D,,Slurry,2310218,2309011,200460355-3,200455772-25
RFT152D,,Slurry,2310218,2309011,200466533-4,200469736-64
FB151D,,Slurry,2312621,2309011,200462473-3,200462474-36
WR151D,FB152D,Slurry,2312621,2309011,200465021-4,200465020-45
RZ151D,,Slurry,2312619,2309011,200460357-2,200455774-27
AH151,KOR154,Chemblend,2313196,,200466047-2,
AR151,BT154,Chemblend,2309019,,200466037-30,
BH151,,Chemblend,2310219,2309019,200460944-3,200461418-22
BH152,,Chemblend,2313195,,200466055-2,
BT151,,Chemblend,2309019,2310216,200461416-20,200460358-4
BT152,,Chemblend,2310216,2309019,200462009-5,200461417-21
GR151,SSC152,Chemblend,2315220,2309019,200466046-3,200466043-32
HD151,,Chemblend,2310216,2309019,200464063-8,200463299-26
HD152,,Chemblend,2310216,2309019,200464086-9,200463300-27
JT151,,Chemblend,2313327,2309019,200466038-2,200465975-29
KF151,,Chemblend,2315219,2309019,200464087-4,200463301-28
KF152,,Chemblend,2315219,2309019,200464085-3,200466044-33
KG151,,Chemblend,2312626,2309019,200462476-2,200462477-25
KG152,,Chemblend,2309019,2312626,200466042-31,200466045-3
KOR151,,Chemblend,2310217,2309019,200460945-4,200455777-19
KOR152,,Chemblend,2310217,2309019,200460946-5,200461419-23
SSC151,,Chemblend,2315220,2309019,200463971-1,200462471-24
